{
	"name": "crafting_combinator",
	"version": "0.10.7",
	"factorio_version": "0.17",
	"title": "Crafting Combinator",
	"author": "LuziferSenpai and TheRustyKnife",
	"description": "Includes combinators that allow you to set or read the recipe of any crafting machine, get ingredients or products of a recipe and more!",
	"homepage": "https://mods.factorio.com/mods/crafting_combinator",
	"dependencies": ["base", "?Bottleneck>=0.7.3",
		"(?)ZRecycling", "(?)omnimatter", "(?)omnimatter_compression", "(?)compressor", "(?)quarry", "(?)WhistleStopFactories", "(?)creative-mod"]
}
